"model","brier_score"
"lda",0.257142882269524
"decision_tree",0.259316695965087
"lasso",0.263851487119923
"random_forest",0.263996482824428
"enet",0.265299689432543
"forward_step",0.27147315275722
